{
    "1": {
        "hp": [74.4000000692904, 97.65000000433065, 102.3000000086613, 126.71417406038381, 132.874866069993, 139.1457630742807, 145.52714407537133, 152.0191950746812, 158.62238107575104, 165.33670207858086, 176.93863814114593, 188.5405739871785, 200.14251004974358, 211.74435304664075, 223.34628910920583, 234.9482250418514, 246.55016110441647, 258.15200410131365, 269.7539401638787, 281.3558760099113, 301.97658001841046, 322.59728409186937, 343.21798810036853, 363.8386921088677, 384.4593960957136, 405.08019303996116, 425.7008970484603, 446.3216010569595, 466.94230510876514, 487.56300905230455, 527.3853301119525, 567.2075579543598, 607.0298790140077, 646.8522000736557, 686.6745211116504, 726.4968421712983, 766.3190700786654, 806.1413910733536, 845.9637120463885, 885.7860331060365, 1003.110462059034, 1120.4349840560462, 1237.759506009752, 1355.0839351576287, 1472.4084571113344, 1589.7329790433869, 1707.0574080613442, 1824.3819300150499, 1941.706452098675, 2059.0308810300194, 2343.4623600086197, 2627.89383905218, 2912.32531803078, 3196.7567970743403, 3481.1882760529406, 3765.6197550965007, 4050.051234075101, 4334.482713053701, 4618.914192097262, 4903.345671075862, 5296.391757140402, 5689.437843053369, 6082.483929052949, 6475.530015052529, 6868.576101117069, 7261.622187094996, 7654.668273029616, 8047.714359094156, 8440.760445158696, 8833.806531093316, 9326.928336032666, 9820.050234124297, 10313.172132086009, 10806.294030026067, 11299.41583505203, 11792.537733143661, 12285.65963108372, 12778.781529045431, 13271.903427072102, 13765.025232011452, 14460.33117604279, 15181.363431091653, 15929.073852087138, 16704.449634075863, 17508.514242099132, 18342.32927101222, 19206.99546907679, 20103.65431799856, 21033.489522042917, 21997.728588072583, 22997.64459301578, 24034.55748600606, 25109.836041072384, 26224.899996090448, 27381.22126209503, 28580.326527039986, 29823.79855802469, 31113.27908412111, 32450.47047012672, 33837.13785614376],
        "atk": [0.6400000005960464, 0.7668870014604181, 0.8147860015742481, 1.1255280002951622, 1.1814780009444803, 1.2385690005030483, 1.2968020003754646, 1.3733440006617457, 1.4166960010770708, 1.4601100005675107, 1.6082400004379451, 1.756371001014486, 1.9045010008849204, 2.052631000522524, 2.2007610010914505, 2.348891000961885, 2.497022000141442, 2.645152000710368, 2.7932820012792945, 2.941412001149729, 3.1915200005751103, 3.4416270009242, 3.691735001280904, 3.9418420016299933, 4.191950001055375, 4.442057000705972, 4.692165001062676, 4.942272001411766, 5.192380000837147, 5.442487001186237, 5.761692001717165, 6.080898001324385, 6.40010300045833, 6.719308000290766, 7.038512999890372, 7.3577180004213005, 7.676923000952229, 7.99612900079228, 8.315334000391886, 8.634539000922814, 9.071262000594288, 9.5079860012047, 9.944709001109004, 10.381433000788093, 10.818156000692397, 11.254880001069978, 11.691603000974283, 12.12832699995488, 12.565050000557676, 13.001774000935256, 13.581057000905275, 14.160340000642464, 14.739623000612482, 15.31890600034967, 15.898189001018181, 16.47747200075537, 17.056755000492558, 17.636038000462577, 18.215321000199765, 18.79460500087589, 19.336283000651747, 19.877961001358926, 20.419640000443906, 20.961318001151085, 21.502996001625434, 22.044675000710413, 22.5863530007191, 23.12803199980408, 23.66971000051126, 24.211388000985608, 24.858698001364246, 25.50600800011307, 26.153318000258878, 26.80062800133601, 27.447938000783324, 28.09524800023064, 28.74255800130777, 29.389868000755087, 30.037178000202402, 30.684488001279533, 31.29817800037563, 31.91186800180003, 32.525558000896126, 33.13924699998461, 33.75293700140901, 34.366627000505105, 34.980317001231015, 35.594006000319496, 36.207696000812575, 36.821386001538485, 37.43507600063458, 38.048765000421554, 38.662455001147464, 39.27614500024356, 39.88983500096947, 40.50352500076406, 41.11721399985254, 41.73090400127694, 42.34459400107153, 42.958284001098946],
        "spd": [1.0, 1.0, 1.0, 1.0, 1.0, 1.0, 1.0, 1.0, 1.0, 1.0, 1.0, 1.0, 1.0, 1.0, 1.0, 1.0, 1.0, 1.0, 1.0, 1.0, 1.0, 1.0, 1.0, 1.0, 1.0, 1.0, 1.0, 1.0, 1.0, 1.0, 1.0, 1.0, 1.0, 1.0, 1.0, 1.0, 1.0, 1.0, 1.0, 1.0, 1.0, 1.0, 1.0, 1.0, 1.0, 1.0, 1.0, 1.0, 1.0, 1.0, 1.0, 1.0, 1.0, 1.0, 1.0, 1.0, 1.0, 1.0, 1.0, 1.0, 1.0, 1.0, 1.0, 1.0, 1.0, 1.1000000000931323, 1.1000000000931323, 1.1000000000931323, 1.1000000000931323, 1.1000000000931323, 1.1000000000931323, 1.1000000000931323, 1.1000000000931323, 1.1000000000931323, 1.1000000000931323, 1.1000000000931323, 1.1000000000931323, 1.2000000001862645, 1.2000000001862645, 1.2000000001862645, 1.2000000001862645, 1.2000000001862645, 1.2000000001862645, 1.2000000001862645, 1.2000000001862645, 1.3200000002980232, 1.3200000002980232, 1.3200000002980232, 1.3200000002980232, 1.3200000002980232, 1.3200000002980232, 1.3200000002980232, 1.3200000002980232, 1.3200000002980232, 1.3200000002980232, 1.3200000002980232, 1.3200000002980232, 1.3200000002980232, 1.3200000002980232, 1.3200000002980232],
        "eff_hr": [0.0, 0.0, 0.0, 0.0, 0.0, 0.0, 0.0, 0.0, 0.0, 0.0, 0.0, 0.0, 0.0, 0.0, 0.0, 0.0, 0.0, 0.0, 0.0, 0.0, 0.0, 0.0, 0.0, 0.0, 0.0, 0.0, 0.0, 0.0, 0.0, 0.0, 0.0, 0.0, 0.0, 0.0, 0.0, 0.0, 0.0, 0.0, 0.0, 0.0, 0.0, 0.0, 0.0, 0.0, 0.0, 0.0, 0.0, 0.0, 0.0, 0.0, 0.007999999448657036, 0.015999999595806003, 0.02399999974295497, 0.031999999890103936, 0.0400000000372529, 0.04799999948590994, 0.055999999633058906, 0.06399999978020787, 0.07199999992735684, 0.0800000000745058, 0.08799999952316284, 0.09599999967031181, 0.10399999981746078, 0.11199999996460974, 0.12000000011175871, 0.12799999956041574, 0.1359999997075647, 0.14399999985471368, 0.15200000000186265, 0.1600000001490116, 0.16799999959766865, 0.17599999974481761, 0.18399999989196658, 0.19200000003911555, 0.20000000018626451, 0.20799999963492155, 0.21599999978207052, 0.22399999992921948, 0.23200000007636845, 0.24000000022351742, 0.24799999967217445, 0.2559999998193234, 0.2639999999664724, 0.27200000011362135, 0.2800000002607703, 0.28799999970942736, 0.2959999998565763, 0.3040000000037253, 0.31200000015087426, 0.3200000002980232, 0.32799999974668026, 0.3359999998938292, 0.3440000000409782, 0.35200000018812716, 0.3600000003352761, 0.36799999978393316, 0.37599999993108213, 0.3840000000782311, 0.39200000022538006, 0.40000000037252903],
        "eff_res": [0.0, 0.0, 0.0, 0.0, 0.0, 0.0, 0.0, 0.0, 0.0, 0.0, 0.0, 0.0, 0.0, 0.0, 0.0, 0.0, 0.0, 0.0, 0.0, 0.0, 0.0, 0.0, 0.0, 0.0, 0.0, 0.0, 0.0, 0.0, 0.0, 0.0, 0.0, 0.0, 0.0, 0.0, 0.0, 0.0, 0.0, 0.0, 0.0, 0.0, 0.0, 0.0, 0.0, 0.0, 0.0, 0.0, 0.0, 0.0, 0.0, 0.0, 0.003999999724328518, 0.007999999448657036, 0.011999999871477485, 0.015999999595806003, 0.02000000001862645, 0.02399999974295497, 0.027999999467283487, 0.031999999890103936, 0.035999999614432454, 0.0400000000372529, 0.04399999976158142, 0.04799999948590994, 0.05199999990873039, 0.055999999633058906, 0.060000000055879354, 0.06399999978020787, 0.06799999950453639, 0.07199999992735684, 0.07599999965168536, 0.0800000000745058, 0.08399999979883432, 0.08799999952316284, 0.09199999994598329, 0.09599999967031181, 0.10000000009313226, 0.10000000009313226, 0.10000000009313226, 0.10000000009313226, 0.10000000009313226, 0.10000000009313226, 0.10000000009313226, 0.10000000009313226, 0.10000000009313226, 0.10000000009313226, 0.10000000009313226, 0.10000000009313226, 0.10000000009313226, 0.10000000009313226, 0.10000000009313226, 0.10000000009313226, 0.10000000009313226, 0.10000000009313226, 0.10000000009313226, 0.10000000009313226, 0.10000000009313226, 0.10000000009313226, 0.10000000009313226, 0.10000000009313226, 0.10000000009313226, 0.10000000009313226]
    },